{"cameraMode":{"drawMode":0,"name":"Shaded","section":"Shading Mode"},"sceneLighting":true,"audioPlay":false,"sceneViewState":{"m_AlwaysRefresh":false,"showFog":true,"showSkybox":true,"showFlares":true,"showImageEffects":true,"showParticleSystems":true,"showVisualEffectGraphs":true,"m_FxEnabled":true},"in2DMode":false,"pivot":{"x":5.525970458984375,"y":-2.4726686477661135,"z":14.929723739624024},"rotation":{"x":0.26288872957229617,"y":-0.08179154247045517,"z":0.02237253449857235,"w":0.9610921740531921},"size":14.237587928771973,"orthographic":false}